tasks,status
Laundry,Partner1
Laundry,Partner1
Laundry,Partner1
Laundry,Partner1
Laundry,Partner1
Laundry,Partner1
Laundry,Partner1
Laundry,Partner1
Laundry,Partner1
Laundry,Partner1
Laundry,Partner1
Laundry,Partner1
Laundry,Partner1
Laundry,Partner1
Laundry,Partner1
Laundry,Partner1
Laundry,Partner1
Laundry,Partner1
Laundry,Partner1
Laundry,Partner1
Laundry,Partner1
Laundry,Partner1
Laundry,Partner1
Laundry,Partner1
Laundry,Partner1
Laundry,Partner1
Laundry,Partner1
Laundry,Partner1
Laundry,Partner1
Laundry,Partner1
Laundry,Partner1
Laundry,Partner1
Laundry,Partner1
Laundry,Partner1
Laundry,Partner1
Laundry,Partner1
Laundry,Partner1
Laundry,Partner1
Laundry,Partner1
Laundry,Partner1
Laundry,Partner1
Laundry,Partner1
Laundry,Partner1
Laundry,Partner1
Laundry,Partner1
Laundry,Partner1
Laundry,Partner1
Laundry,Partner1
Laundry,Partner1
Laundry,Partner1
Laundry,Partner1
Laundry,Partner1
Laundry,Partner1
Laundry,Partner1
Laundry,Partner1
Laundry,Partner1
Laundry,Partner1
Laundry,Partner1
Laundry,Partner1
Laundry,Partner1
Laundry,Partner1
Laundry,Partner1
Laundry,Partner1
Laundry,Partner1
Laundry,Partner1
Laundry,Partner1
Laundry,Partner1
Laundry,Partner1
Laundry,Partner1
Laundry,Partner1
Laundry,Partner1
Laundry,Partner1
Laundry,Partner1
Laundry,Partner1
Laundry,Partner1
Laundry,Partner1
Laundry,Partner1
Laundry,Partner1
Laundry,Partner1
Laundry,Partner1
Laundry,Partner1
Laundry,Partner1
Laundry,Partner1
Laundry,Partner1
Laundry,Partner1
Laundry,Partner1
Laundry,Partner1
Laundry,Partner1
Laundry,Partner1
Laundry,Partner1
Laundry,Partner1
Laundry,Partner1
Laundry,Partner1
Laundry,Partner1
Laundry,Partner1
Laundry,Partner1
Laundry,Partner1
Laundry,Partner1
Laundry,Partner1
Laundry,Partner1
Laundry,Partner1
Laundry,Partner1
Laundry,Partner1
Laundry,Partner1
Laundry,Partner1
Laundry,Partner1
Laundry,Partner1
Laundry,Partner1
Laundry,Partner1
Laundry,Partner1
Laundry,Partner1
Laundry,Partner1
Laundry,Partner1
Laundry,Partner1
Laundry,Partner1
Laundry,Partner1
Laundry,Partner1
Laundry,Partner1
Laundry,Partner1
Laundry,Partner1
Laundry,Partner1
Laundry,Partner1
Laundry,Partner1
Laundry,Partner1
Laundry,Partner1
Laundry,Partner1
Laundry,Partner1
Laundry,Partner1
Laundry,Partner1
Laundry,Partner1
Laundry,Partner1
Laundry,Partner1
Laundry,Partner1
Laundry,Partner1
Laundry,Partner1
Laundry,Partner1
Laundry,Partner1
Laundry,Partner1
Laundry,Partner1
Laundry,Partner1
Laundry,Partner1
Laundry,Partner1
Laundry,Partner1
Laundry,Partner1
Laundry,Partner1
Laundry,Partner1
Laundry,Partner1
Laundry,Partner1
Laundry,Partner1
Laundry,Partner1
Laundry,Partner1
Laundry,Partner1
Laundry,Partner1
Laundry,Partner1
Laundry,Partner1
Laundry,Partner1
Main_meal,Partner1
Main_meal,Partner1
Main_meal,Partner1
Main_meal,Partner1
Main_meal,Partner1
Main_meal,Partner1
Main_meal,Partner1
Main_meal,Partner1
Main_meal,Partner1
Main_meal,Partner1
Main_meal,Partner1
Main_meal,Partner1
Main_meal,Partner1
Main_meal,Partner1
Main_meal,Partner1
Main_meal,Partner1
Main_meal,Partner1
Main_meal,Partner1
Main_meal,Partner1
Main_meal,Partner1
Main_meal,Partner1
Main_meal,Partner1
Main_meal,Partner1
Main_meal,Partner1
Main_meal,Partner1
Main_meal,Partner1
Main_meal,Partner1
Main_meal,Partner1
Main_meal,Partner1
Main_meal,Partner1
Main_meal,Partner1
Main_meal,Partner1
Main_meal,Partner1
Main_meal,Partner1
Main_meal,Partner1
Main_meal,Partner1
Main_meal,Partner1
Main_meal,Partner1
Main_meal,Partner1
Main_meal,Partner1
Main_meal,Partner1
Main_meal,Partner1
Main_meal,Partner1
Main_meal,Partner1
Main_meal,Partner1
Main_meal,Partner1
Main_meal,Partner1
Main_meal,Partner1
Main_meal,Partner1
Main_meal,Partner1
Main_meal,Partner1
Main_meal,Partner1
Main_meal,Partner1
Main_meal,Partner1
Main_meal,Partner1
Main_meal,Partner1
Main_meal,Partner1
Main_meal,Partner1
Main_meal,Partner1
Main_meal,Partner1
Main_meal,Partner1
Main_meal,Partner1
Main_meal,Partner1
Main_meal,Partner1
Main_meal,Partner1
Main_meal,Partner1
Main_meal,Partner1
Main_meal,Partner1
Main_meal,Partner1
Main_meal,Partner1
Main_meal,Partner1
Main_meal,Partner1
Main_meal,Partner1
Main_meal,Partner1
Main_meal,Partner1
Main_meal,Partner1
Main_meal,Partner1
Main_meal,Partner1
Main_meal,Partner1
Main_meal,Partner1
Main_meal,Partner1
Main_meal,Partner1
Main_meal,Partner1
Main_meal,Partner1
Main_meal,Partner1
Main_meal,Partner1
Main_meal,Partner1
Main_meal,Partner1
Main_meal,Partner1
Main_meal,Partner1
Main_meal,Partner1
Main_meal,Partner1
Main_meal,Partner1
Main_meal,Partner1
Main_meal,Partner1
Main_meal,Partner1
Main_meal,Partner1
Main_meal,Partner1
Main_meal,Partner1
Main_meal,Partner1
Main_meal,Partner1
Main_meal,Partner1
Main_meal,Partner1
Main_meal,Partner1
Main_meal,Partner1
Main_meal,Partner1
Main_meal,Partner1
Main_meal,Partner1
Main_meal,Partner1
Main_meal,Partner1
Main_meal,Partner1
Main_meal,Partner1
Main_meal,Partner1
Main_meal,Partner1
Main_meal,Partner1
Main_meal,Partner1
Main_meal,Partner1
Main_meal,Partner1
Main_meal,Partner1
Main_meal,Partner1
Main_meal,Partner1
Main_meal,Partner1
Main_meal,Partner1
Main_meal,Partner1
Dinner,Partner1
Dinner,Partner1
Dinner,Partner1
Dinner,Partner1
Dinner,Partner1
Dinner,Partner1
Dinner,Partner1
Dinner,Partner1
Dinner,Partner1
Dinner,Partner1
Dinner,Partner1
Dinner,Partner1
Dinner,Partner1
Dinner,Partner1
Dinner,Partner1
Dinner,Partner1
Dinner,Partner1
Dinner,Partner1
Dinner,Partner1
Dinner,Partner1
Dinner,Partner1
Dinner,Partner1
Dinner,Partner1
Dinner,Partner1
Dinner,Partner1
Dinner,Partner1
Dinner,Partner1
Dinner,Partner1
Dinner,Partner1
Dinner,Partner1
Dinner,Partner1
Dinner,Partner1
Dinner,Partner1
Dinner,Partner1
Dinner,Partner1
Dinner,Partner1
Dinner,Partner1
Dinner,Partner1
Dinner,Partner1
Dinner,Partner1
Dinner,Partner1
Dinner,Partner1
Dinner,Partner1
Dinner,Partner1
Dinner,Partner1
Dinner,Partner1
Dinner,Partner1
Dinner,Partner1
Dinner,Partner1
Dinner,Partner1
Dinner,Partner1
Dinner,Partner1
Dinner,Partner1
Dinner,Partner1
Dinner,Partner1
Dinner,Partner1
Dinner,Partner1
Dinner,Partner1
Dinner,Partner1
Dinner,Partner1
Dinner,Partner1
Dinner,Partner1
Dinner,Partner1
Dinner,Partner1
Dinner,Partner1
Dinner,Partner1
Dinner,Partner1
Dinner,Partner1
Dinner,Partner1
Dinner,Partner1
Dinner,Partner1
Dinner,Partner1
Dinner,Partner1
Dinner,Partner1
Dinner,Partner1
Dinner,Partner1
Dinner,Partner1
Breakfeast,Partner1
Breakfeast,Partner1
Breakfeast,Partner1
Breakfeast,Partner1
Breakfeast,Partner1
Breakfeast,Partner1
Breakfeast,Partner1
Breakfeast,Partner1
Breakfeast,Partner1
Breakfeast,Partner1
Breakfeast,Partner1
Breakfeast,Partner1
Breakfeast,Partner1
Breakfeast,Partner1
Breakfeast,Partner1
Breakfeast,Partner1
Breakfeast,Partner1
Breakfeast,Partner1
Breakfeast,Partner1
Breakfeast,Partner1
Breakfeast,Partner1
Breakfeast,Partner1
Breakfeast,Partner1
Breakfeast,Partner1
Breakfeast,Partner1
Breakfeast,Partner1
Breakfeast,Partner1
Breakfeast,Partner1
Breakfeast,Partner1
Breakfeast,Partner1
Breakfeast,Partner1
Breakfeast,Partner1
Breakfeast,Partner1
Breakfeast,Partner1
Breakfeast,Partner1
Breakfeast,Partner1
Breakfeast,Partner1
Breakfeast,Partner1
Breakfeast,Partner1
Breakfeast,Partner1
Breakfeast,Partner1
Breakfeast,Partner1
Breakfeast,Partner1
Breakfeast,Partner1
Breakfeast,Partner1
Breakfeast,Partner1
Breakfeast,Partner1
Breakfeast,Partner1
Breakfeast,Partner1
Breakfeast,Partner1
Breakfeast,Partner1
Breakfeast,Partner1
Breakfeast,Partner1
Breakfeast,Partner1
Breakfeast,Partner1
Breakfeast,Partner1
Breakfeast,Partner1
Breakfeast,Partner1
Breakfeast,Partner1
Breakfeast,Partner1
Breakfeast,Partner1
Breakfeast,Partner1
Breakfeast,Partner1
Breakfeast,Partner1
Breakfeast,Partner1
Breakfeast,Partner1
Breakfeast,Partner1
Breakfeast,Partner1
Breakfeast,Partner1
Breakfeast,Partner1
Breakfeast,Partner1
Breakfeast,Partner1
Breakfeast,Partner1
Breakfeast,Partner1
Breakfeast,Partner1
Breakfeast,Partner1
Breakfeast,Partner1
Breakfeast,Partner1
Breakfeast,Partner1
Breakfeast,Partner1
Breakfeast,Partner1
Breakfeast,Partner1
Tidying,Partner1
Tidying,Partner1
Tidying,Partner1
Tidying,Partner1
Tidying,Partner1
Tidying,Partner1
Tidying,Partner1
Tidying,Partner1
Tidying,Partner1
Tidying,Partner1
Tidying,Partner1
Tidying,Partner1
Tidying,Partner1
Tidying,Partner1
Tidying,Partner1
Tidying,Partner1
Tidying,Partner1
Tidying,Partner1
Tidying,Partner1
Tidying,Partner1
Tidying,Partner1
Tidying,Partner1
Tidying,Partner1
Tidying,Partner1
Tidying,Partner1
Tidying,Partner1
Tidying,Partner1
Tidying,Partner1
Tidying,Partner1
Tidying,Partner1
Tidying,Partner1
Tidying,Partner1
Tidying,Partner1
Tidying,Partner1
Tidying,Partner1
Tidying,Partner1
Tidying,Partner1
Tidying,Partner1
Tidying,Partner1
Tidying,Partner1
Tidying,Partner1
Tidying,Partner1
Tidying,Partner1
Tidying,Partner1
Tidying,Partner1
Tidying,Partner1
Tidying,Partner1
Tidying,Partner1
Tidying,Partner1
Tidying,Partner1
Tidying,Partner1
Tidying,Partner1
Tidying,Partner1
Dishes,Partner1
Dishes,Partner1
Dishes,Partner1
Dishes,Partner1
Dishes,Partner1
Dishes,Partner1
Dishes,Partner1
Dishes,Partner1
Dishes,Partner1
Dishes,Partner1
Dishes,Partner1
Dishes,Partner1
Dishes,Partner1
Dishes,Partner1
Dishes,Partner1
Dishes,Partner1
Dishes,Partner1
Dishes,Partner1
Dishes,Partner1
Dishes,Partner1
Dishes,Partner1
Dishes,Partner1
Dishes,Partner1
Dishes,Partner1
Dishes,Partner1
Dishes,Partner1
Dishes,Partner1
Dishes,Partner1
Dishes,Partner1
Dishes,Partner1
Dishes,Partner1
Dishes,Partner1
Shopping,Partner1
Shopping,Partner1
Shopping,Partner1
Shopping,Partner1
Shopping,Partner1
Shopping,Partner1
Shopping,Partner1
Shopping,Partner1
Shopping,Partner1
Shopping,Partner1
Shopping,Partner1
Shopping,Partner1
Shopping,Partner1
Shopping,Partner1
Shopping,Partner1
Shopping,Partner1
Shopping,Partner1
Shopping,Partner1
Shopping,Partner1
Shopping,Partner1
Shopping,Partner1
Shopping,Partner1
Shopping,Partner1
Shopping,Partner1
Shopping,Partner1
Shopping,Partner1
Shopping,Partner1
Shopping,Partner1
Shopping,Partner1
Shopping,Partner1
Shopping,Partner1
Shopping,Partner1
Shopping,Partner1
Official,Partner1
Official,Partner1
Official,Partner1
Official,Partner1
Official,Partner1
Official,Partner1
Official,Partner1
Official,Partner1
Official,Partner1
Official,Partner1
Official,Partner1
Official,Partner1
Driving,Partner1
Driving,Partner1
Driving,Partner1
Driving,Partner1
Driving,Partner1
Driving,Partner1
Driving,Partner1
Driving,Partner1
Driving,Partner1
Driving,Partner1
Finances,Partner1
Finances,Partner1
Finances,Partner1
Finances,Partner1
Finances,Partner1
Finances,Partner1
Finances,Partner1
Finances,Partner1
Finances,Partner1
Finances,Partner1
Finances,Partner1
Finances,Partner1
Finances,Partner1
Insurance,Partner1
Insurance,Partner1
Insurance,Partner1
Insurance,Partner1
Insurance,Partner1
Insurance,Partner1
Insurance,Partner1
Insurance,Partner1
Laundry,Alternating
Laundry,Alternating
Laundry,Alternating
Laundry,Alternating
Laundry,Alternating
Laundry,Alternating
Laundry,Alternating
Laundry,Alternating
Laundry,Alternating
Laundry,Alternating
Laundry,Alternating
Laundry,Alternating
Laundry,Alternating
Laundry,Alternating
Main_meal,Alternating
Main_meal,Alternating
Main_meal,Alternating
Main_meal,Alternating
Main_meal,Alternating
Main_meal,Alternating
Main_meal,Alternating
Main_meal,Alternating
Main_meal,Alternating
Main_meal,Alternating
Main_meal,Alternating
Main_meal,Alternating
Main_meal,Alternating
Main_meal,Alternating
Main_meal,Alternating
Main_meal,Alternating
Main_meal,Alternating
Main_meal,Alternating
Main_meal,Alternating
Main_meal,Alternating
Dinner,Alternating
Dinner,Alternating
Dinner,Alternating
Dinner,Alternating
Dinner,Alternating
Dinner,Alternating
Dinner,Alternating
Dinner,Alternating
Dinner,Alternating
Dinner,Alternating
Dinner,Alternating
Breakfeast,Alternating
Breakfeast,Alternating
Breakfeast,Alternating
Breakfeast,Alternating
Breakfeast,Alternating
Breakfeast,Alternating
Breakfeast,Alternating
Breakfeast,Alternating
Breakfeast,Alternating
Breakfeast,Alternating
Breakfeast,Alternating
Breakfeast,Alternating
Breakfeast,Alternating
Breakfeast,Alternating
Breakfeast,Alternating
Breakfeast,Alternating
Breakfeast,Alternating
Breakfeast,Alternating
Breakfeast,Alternating
Breakfeast,Alternating
Breakfeast,Alternating
Breakfeast,Alternating
Breakfeast,Alternating
Breakfeast,Alternating
Breakfeast,Alternating
Breakfeast,Alternating
Breakfeast,Alternating
Breakfeast,Alternating
Breakfeast,Alternating
Breakfeast,Alternating
Breakfeast,Alternating
Breakfeast,Alternating
Breakfeast,Alternating
Breakfeast,Alternating
Breakfeast,Alternating
Breakfeast,Alternating
Tidying,Alternating
Tidying,Alternating
Tidying,Alternating
Tidying,Alternating
Tidying,Alternating
Tidying,Alternating
Tidying,Alternating
Tidying,Alternating
Tidying,Alternating
Tidying,Alternating
Tidying,Alternating
Dishes,Alternating
Dishes,Alternating
Dishes,Alternating
Dishes,Alternating
Dishes,Alternating
Dishes,Alternating
Dishes,Alternating
Dishes,Alternating
Dishes,Alternating
Dishes,Alternating
Dishes,Alternating
Dishes,Alternating
Dishes,Alternating
Dishes,Alternating
Dishes,Alternating
Dishes,Alternating
Dishes,Alternating
Dishes,Alternating
Dishes,Alternating
Dishes,Alternating
Dishes,Alternating
Dishes,Alternating
Dishes,Alternating
Dishes,Alternating
Shopping,Alternating
Shopping,Alternating
Shopping,Alternating
Shopping,Alternating
Shopping,Alternating
Shopping,Alternating
Shopping,Alternating
Shopping,Alternating
Shopping,Alternating
Shopping,Alternating
Shopping,Alternating
Shopping,Alternating
Shopping,Alternating
Shopping,Alternating
Shopping,Alternating
Shopping,Alternating
Shopping,Alternating
Shopping,Alternating
Shopping,Alternating
Shopping,Alternating
Shopping,Alternating
Shopping,Alternating
Shopping,Alternating
Official,Alternating
Official,Alternating
Official,Alternating
Official,Alternating
Official,Alternating
Official,Alternating
Official,Alternating
Official,Alternating
Official,Alternating
Official,Alternating
Official,Alternating
Official,Alternating
Official,Alternating
Official,Alternating
Official,Alternating
Official,Alternating
Official,Alternating
Official,Alternating
Official,Alternating
Official,Alternating
Official,Alternating
Official,Alternating
Official,Alternating
Official,Alternating
Official,Alternating
Official,Alternating
Official,Alternating
Official,Alternating
Official,Alternating
Official,Alternating
Official,Alternating
Official,Alternating
Official,Alternating
Official,Alternating
Official,Alternating
Official,Alternating
Official,Alternating
Official,Alternating
Official,Alternating
Official,Alternating
Official,Alternating
Official,Alternating
Official,Alternating
Official,Alternating
Official,Alternating
Official,Alternating
Driving,Alternating
Driving,Alternating
Driving,Alternating
Driving,Alternating
Driving,Alternating
Driving,Alternating
Driving,Alternating
Driving,Alternating
Driving,Alternating
Driving,Alternating
Driving,Alternating
Driving,Alternating
Driving,Alternating
Driving,Alternating
Driving,Alternating
Driving,Alternating
Driving,Alternating
Driving,Alternating
Driving,Alternating
Driving,Alternating
Driving,Alternating
Driving,Alternating
Driving,Alternating
Driving,Alternating
Driving,Alternating
Driving,Alternating
Driving,Alternating
Driving,Alternating
Driving,Alternating
Driving,Alternating
Driving,Alternating
Driving,Alternating
Driving,Alternating
Driving,Alternating
Driving,Alternating
Driving,Alternating
Driving,Alternating
Driving,Alternating
Driving,Alternating
Driving,Alternating
Driving,Alternating
Driving,Alternating
Driving,Alternating
Driving,Alternating
Driving,Alternating
Driving,Alternating
Driving,Alternating
Driving,Alternating
Driving,Alternating
Driving,Alternating
Driving,Alternating
Finances,Alternating
Finances,Alternating
Finances,Alternating
Finances,Alternating
Finances,Alternating
Finances,Alternating
Finances,Alternating
Finances,Alternating
Finances,Alternating
Finances,Alternating
Finances,Alternating
Finances,Alternating
Finances,Alternating
Insurance,Alternating
Repairs,Alternating
Repairs,Alternating
Repairs,Alternating
Holidays,Alternating
Laundry,Parter2
Laundry,Parter2
Main_meal,Parter2
Main_meal,Parter2
Main_meal,Parter2
Main_meal,Parter2
Main_meal,Parter2
Dinner,Parter2
Dinner,Parter2
Dinner,Parter2
Dinner,Parter2
Dinner,Parter2
Dinner,Parter2
Dinner,Parter2
Breakfeast,Parter2
Breakfeast,Parter2
Breakfeast,Parter2
Breakfeast,Parter2
Breakfeast,Parter2
Breakfeast,Parter2
Breakfeast,Parter2
Breakfeast,Parter2
Breakfeast,Parter2
Breakfeast,Parter2
Breakfeast,Parter2
Breakfeast,Parter2
Breakfeast,Parter2
Breakfeast,Parter2
Breakfeast,Parter2
Tidying,Parter2
Dishes,Parter2
Dishes,Parter2
Dishes,Parter2
Dishes,Parter2
Shopping,Parter2
Shopping,Parter2
Shopping,Parter2
Shopping,Parter2
Shopping,Parter2
Shopping,Parter2
Shopping,Parter2
Shopping,Parter2
Shopping,Parter2
Official,Parter2
Official,Parter2
Official,Parter2
Official,Parter2
Official,Parter2
Official,Parter2
Official,Parter2
Official,Parter2
Official,Parter2
Official,Parter2
Official,Parter2
Official,Parter2
Official,Parter2
Official,Parter2
Official,Parter2
Official,Parter2
Official,Parter2
Official,Parter2
Official,Parter2
Official,Parter2
Official,Parter2
Official,Parter2
Official,Parter2
Driving,Parter2
Driving,Parter2
Driving,Parter2
Driving,Parter2
Driving,Parter2
Driving,Parter2
Driving,Parter2
Driving,Parter2
Driving,Parter2
Driving,Parter2
Driving,Parter2
Driving,Parter2
Driving,Parter2
Driving,Parter2
Driving,Parter2
Driving,Parter2
Driving,Parter2
Driving,Parter2
Driving,Parter2
Driving,Parter2
Driving,Parter2
Driving,Parter2
Driving,Parter2
Driving,Parter2
Driving,Parter2
Driving,Parter2
Driving,Parter2
Driving,Parter2
Driving,Parter2
Driving,Parter2
Driving,Parter2
Driving,Parter2
Driving,Parter2
Driving,Parter2
Driving,Parter2
Driving,Parter2
Driving,Parter2
Driving,Parter2
Driving,Parter2
Driving,Parter2
Driving,Parter2
Driving,Parter2
Driving,Parter2
Driving,Parter2
Driving,Parter2
Driving,Parter2
Driving,Parter2
Driving,Parter2
Driving,Parter2
Driving,Parter2
Driving,Parter2
Driving,Parter2
Driving,Parter2
Driving,Parter2
Driving,Parter2
Driving,Parter2
Driving,Parter2
Driving,Parter2
Driving,Parter2
Driving,Parter2
Driving,Parter2
Driving,Parter2
Driving,Parter2
Driving,Parter2
Driving,Parter2
Driving,Parter2
Driving,Parter2
Driving,Parter2
Driving,Parter2
Driving,Parter2
Driving,Parter2
Driving,Parter2
Driving,Parter2
Driving,Parter2
Driving,Parter2
Finances,Parter2
Finances,Parter2
Finances,Parter2
Finances,Parter2
Finances,Parter2
Finances,Parter2
Finances,Parter2
Finances,Parter2
Finances,Parter2
Finances,Parter2
Finances,Parter2
Finances,Parter2
Finances,Parter2
Finances,Parter2
Finances,Parter2
Finances,Parter2
Finances,Parter2
Finances,Parter2
Finances,Parter2
Finances,Parter2
Finances,Parter2
Insurance,Parter2
Insurance,Parter2
Insurance,Parter2
Insurance,Parter2
Insurance,Parter2
Insurance,Parter2
Insurance,Parter2
Insurance,Parter2
Insurance,Parter2
Insurance,Parter2
Insurance,Parter2
Insurance,Parter2
Insurance,Parter2
Insurance,Parter2
Insurance,Parter2
Insurance,Parter2
Insurance,Parter2
Insurance,Parter2
Insurance,Parter2
Insurance,Parter2
Insurance,Parter2
Insurance,Parter2
Insurance,Parter2
Insurance,Parter2
Insurance,Parter2
Insurance,Parter2
Insurance,Parter2
Insurance,Parter2
Insurance,Parter2
Insurance,Parter2
Insurance,Parter2
Insurance,Parter2
Insurance,Parter2
Insurance,Parter2
Insurance,Parter2
Insurance,Parter2
Insurance,Parter2
Insurance,Parter2
Insurance,Parter2
Insurance,Parter2
Insurance,Parter2
Insurance,Parter2
Insurance,Parter2
Insurance,Parter2
Insurance,Parter2
Insurance,Parter2
Insurance,Parter2
Insurance,Parter2
Insurance,Parter2
Insurance,Parter2
Insurance,Parter2
Insurance,Parter2
Insurance,Parter2
Repairs,Parter2
Repairs,Parter2
Repairs,Parter2
Repairs,Parter2
Repairs,Parter2
Repairs,Parter2
Repairs,Parter2
Repairs,Parter2
Repairs,Parter2
Repairs,Parter2
Repairs,Parter2
Repairs,Parter2
Repairs,Parter2
Repairs,Parter2
Repairs,Parter2
Repairs,Parter2
Repairs,Parter2
Repairs,Parter2
Repairs,Parter2
Repairs,Parter2
Repairs,Parter2
Repairs,Parter2
Repairs,Parter2
Repairs,Parter2
Repairs,Parter2
Repairs,Parter2
Repairs,Parter2
Repairs,Parter2
Repairs,Parter2
Repairs,Parter2
Repairs,Parter2
Repairs,Parter2
Repairs,Parter2
Repairs,Parter2
Repairs,Parter2
Repairs,Parter2
Repairs,Parter2
Repairs,Parter2
Repairs,Parter2
Repairs,Parter2
Repairs,Parter2
Repairs,Parter2
Repairs,Parter2
Repairs,Parter2
Repairs,Parter2
Repairs,Parter2
Repairs,Parter2
Repairs,Parter2
Repairs,Parter2
Repairs,Parter2
Repairs,Parter2
Repairs,Parter2
Repairs,Parter2
Repairs,Parter2
Repairs,Parter2
Repairs,Parter2
Repairs,Parter2
Repairs,Parter2
Repairs,Parter2
Repairs,Parter2
Repairs,Parter2
Repairs,Parter2
Repairs,Parter2
Repairs,Parter2
Repairs,Parter2
Repairs,Parter2
Repairs,Parter2
Repairs,Parter2
Repairs,Parter2
Repairs,Parter2
Repairs,Parter2
Repairs,Parter2
Repairs,Parter2
Repairs,Parter2
Repairs,Parter2
Repairs,Parter2
Repairs,Parter2
Repairs,Parter2
Repairs,Parter2
Repairs,Parter2
Repairs,Parter2
Repairs,Parter2
Repairs,Parter2
Repairs,Parter2
Repairs,Parter2
Repairs,Parter2
Repairs,Parter2
Repairs,Parter2
Repairs,Parter2
Repairs,Parter2
Repairs,Parter2
Repairs,Parter2
Repairs,Parter2
Repairs,Parter2
Repairs,Parter2
Repairs,Parter2
Repairs,Parter2
Repairs,Parter2
Repairs,Parter2
Repairs,Parter2
Repairs,Parter2
Repairs,Parter2
Repairs,Parter2
Repairs,Parter2
Repairs,Parter2
Repairs,Parter2
Repairs,Parter2
Repairs,Parter2
Repairs,Parter2
Repairs,Parter2
Repairs,Parter2
Repairs,Parter2
Repairs,Parter2
Repairs,Parter2
Repairs,Parter2
Repairs,Parter2
Repairs,Parter2
Repairs,Parter2
Repairs,Parter2
Repairs,Parter2
Repairs,Parter2
Repairs,Parter2
Repairs,Parter2
Repairs,Parter2
Repairs,Parter2
Repairs,Parter2
Repairs,Parter2
Repairs,Parter2
Repairs,Parter2
Repairs,Parter2
Repairs,Parter2
Repairs,Parter2
Repairs,Parter2
Repairs,Parter2
Repairs,Parter2
Repairs,Parter2
Repairs,Parter2
Repairs,Parter2
Repairs,Parter2
Repairs,Parter2
Repairs,Parter2
Repairs,Parter2
Repairs,Parter2
Repairs,Parter2
Repairs,Parter2
Repairs,Parter2
Repairs,Parter2
Repairs,Parter2
Repairs,Parter2
Repairs,Parter2
Repairs,Parter2
Repairs,Parter2
Repairs,Parter2
Repairs,Parter2
Repairs,Parter2
Repairs,Parter2
Repairs,Parter2
Repairs,Parter2
Repairs,Parter2
Repairs,Parter2
Holidays,Parter2
Holidays,Parter2
Holidays,Parter2
Holidays,Parter2
Holidays,Parter2
Holidays,Parter2
Laundry,Jointly
Laundry,Jointly
Laundry,Jointly
Laundry,Jointly
Main_meal,Jointly
Main_meal,Jointly
Main_meal,Jointly
Main_meal,Jointly
Dinner,Jointly
Dinner,Jointly
Dinner,Jointly
Dinner,Jointly
Dinner,Jointly
Dinner,Jointly
Dinner,Jointly
Dinner,Jointly
Dinner,Jointly
Dinner,Jointly
Dinner,Jointly
Dinner,Jointly
Dinner,Jointly
Breakfeast,Jointly
Breakfeast,Jointly
Breakfeast,Jointly
Breakfeast,Jointly
Breakfeast,Jointly
Breakfeast,Jointly
Breakfeast,Jointly
Tidying,Jointly
Tidying,Jointly
Tidying,Jointly
Tidying,Jointly
Tidying,Jointly
Tidying,Jointly
Tidying,Jointly
Tidying,Jointly
Tidying,Jointly
Tidying,Jointly
Tidying,Jointly
Tidying,Jointly
Tidying,Jointly
Tidying,Jointly
Tidying,Jointly
Tidying,Jointly
Tidying,Jointly
Tidying,Jointly
Tidying,Jointly
Tidying,Jointly
Tidying,Jointly
Tidying,Jointly
Tidying,Jointly
Tidying,Jointly
Tidying,Jointly
Tidying,Jointly
Tidying,Jointly
Tidying,Jointly
Tidying,Jointly
Tidying,Jointly
Tidying,Jointly
Tidying,Jointly
Tidying,Jointly
Tidying,Jointly
Tidying,Jointly
Tidying,Jointly
Tidying,Jointly
Tidying,Jointly
Tidying,Jointly
Tidying,Jointly
Tidying,Jointly
Tidying,Jointly
Tidying,Jointly
Tidying,Jointly
Tidying,Jointly
Tidying,Jointly
Tidying,Jointly
Tidying,Jointly
Tidying,Jointly
Tidying,Jointly
Tidying,Jointly
Tidying,Jointly
Tidying,Jointly
Tidying,Jointly
Tidying,Jointly
Tidying,Jointly
Tidying,Jointly
Dishes,Jointly
Dishes,Jointly
Dishes,Jointly
Dishes,Jointly
Dishes,Jointly
Dishes,Jointly
Dishes,Jointly
Dishes,Jointly
Dishes,Jointly
Dishes,Jointly
Dishes,Jointly
Dishes,Jointly
Dishes,Jointly
Dishes,Jointly
Dishes,Jointly
Dishes,Jointly
Dishes,Jointly
Dishes,Jointly
Dishes,Jointly
Dishes,Jointly
Dishes,Jointly
Dishes,Jointly
Dishes,Jointly
Dishes,Jointly
Dishes,Jointly
Dishes,Jointly
Dishes,Jointly
Dishes,Jointly
Dishes,Jointly
Dishes,Jointly
Dishes,Jointly
Dishes,Jointly
Dishes,Jointly
Dishes,Jointly
Dishes,Jointly
Dishes,Jointly
Dishes,Jointly
Dishes,Jointly
Dishes,Jointly
Dishes,Jointly
Dishes,Jointly
Dishes,Jointly
Dishes,Jointly
Dishes,Jointly
Dishes,Jointly
Dishes,Jointly
Dishes,Jointly
Dishes,Jointly
Dishes,Jointly
Dishes,Jointly
Dishes,Jointly
Dishes,Jointly
Dishes,Jointly
Shopping,Jointly
Shopping,Jointly
Shopping,Jointly
Shopping,Jointly
Shopping,Jointly
Shopping,Jointly
Shopping,Jointly
Shopping,Jointly
Shopping,Jointly
Shopping,Jointly
Shopping,Jointly
Shopping,Jointly
Shopping,Jointly
Shopping,Jointly
Shopping,Jointly
Shopping,Jointly
Shopping,Jointly
Shopping,Jointly
Shopping,Jointly
Shopping,Jointly
Shopping,Jointly
Shopping,Jointly
Shopping,Jointly
Shopping,Jointly
Shopping,Jointly
Shopping,Jointly
Shopping,Jointly
Shopping,Jointly
Shopping,Jointly
Shopping,Jointly
Shopping,Jointly
Shopping,Jointly
Shopping,Jointly
Shopping,Jointly
Shopping,Jointly
Shopping,Jointly
Shopping,Jointly
Shopping,Jointly
Shopping,Jointly
Shopping,Jointly
Shopping,Jointly
Shopping,Jointly
Shopping,Jointly
Shopping,Jointly
Shopping,Jointly
Shopping,Jointly
Shopping,Jointly
Shopping,Jointly
Shopping,Jointly
Shopping,Jointly
Shopping,Jointly
Shopping,Jointly
Shopping,Jointly
Shopping,Jointly
Shopping,Jointly
Official,Jointly
Official,Jointly
Official,Jointly
Official,Jointly
Official,Jointly
Official,Jointly
Official,Jointly
Official,Jointly
Official,Jointly
Official,Jointly
Official,Jointly
Official,Jointly
Official,Jointly
Official,Jointly
Official,Jointly
Driving,Jointly
Driving,Jointly
Driving,Jointly
Finances,Jointly
Finances,Jointly
Finances,Jointly
Finances,Jointly
Finances,Jointly
Finances,Jointly
Finances,Jointly
Finances,Jointly
Finances,Jointly
Finances,Jointly
Finances,Jointly
Finances,Jointly
Finances,Jointly
Finances,Jointly
Finances,Jointly
Finances,Jointly
Finances,Jointly
Finances,Jointly
Finances,Jointly
Finances,Jointly
Finances,Jointly
Finances,Jointly
Finances,Jointly
Finances,Jointly
Finances,Jointly
Finances,Jointly
Finances,Jointly
Finances,Jointly
Finances,Jointly
Finances,Jointly
Finances,Jointly
Finances,Jointly
Finances,Jointly
Finances,Jointly
Finances,Jointly
Finances,Jointly
Finances,Jointly
Finances,Jointly
Finances,Jointly
Finances,Jointly
Finances,Jointly
Finances,Jointly
Finances,Jointly
Finances,Jointly
Finances,Jointly
Finances,Jointly
Finances,Jointly
Finances,Jointly
Finances,Jointly
Finances,Jointly
Finances,Jointly
Finances,Jointly
Finances,Jointly
Finances,Jointly
Finances,Jointly
Finances,Jointly
Finances,Jointly
Finances,Jointly
Finances,Jointly
Finances,Jointly
Finances,Jointly
Finances,Jointly
Finances,Jointly
Finances,Jointly
Finances,Jointly
Finances,Jointly
Insurance,Jointly
Insurance,Jointly
Insurance,Jointly
Insurance,Jointly
Insurance,Jointly
Insurance,Jointly
Insurance,Jointly
Insurance,Jointly
Insurance,Jointly
Insurance,Jointly
Insurance,Jointly
Insurance,Jointly
Insurance,Jointly
Insurance,Jointly
Insurance,Jointly
Insurance,Jointly
Insurance,Jointly
Insurance,Jointly
Insurance,Jointly
Insurance,Jointly
Insurance,Jointly
Insurance,Jointly
Insurance,Jointly
Insurance,Jointly
Insurance,Jointly
Insurance,Jointly
Insurance,Jointly
Insurance,Jointly
Insurance,Jointly
Insurance,Jointly
Insurance,Jointly
Insurance,Jointly
Insurance,Jointly
Insurance,Jointly
Insurance,Jointly
Insurance,Jointly
Insurance,Jointly
Insurance,Jointly
Insurance,Jointly
Insurance,Jointly
Insurance,Jointly
Insurance,Jointly
Insurance,Jointly
Insurance,Jointly
Insurance,Jointly
Insurance,Jointly
Insurance,Jointly
Insurance,Jointly
Insurance,Jointly
Insurance,Jointly
Insurance,Jointly
Insurance,Jointly
Insurance,Jointly
Insurance,Jointly
Insurance,Jointly
Insurance,Jointly
Insurance,Jointly
Insurance,Jointly
Insurance,Jointly
Insurance,Jointly
Insurance,Jointly
Insurance,Jointly
Insurance,Jointly
Insurance,Jointly
Insurance,Jointly
Insurance,Jointly
Insurance,Jointly
Insurance,Jointly
Insurance,Jointly
Insurance,Jointly
Insurance,Jointly
Insurance,Jointly
Insurance,Jointly
Insurance,Jointly
Insurance,Jointly
Insurance,Jointly
Insurance,Jointly
Repairs,Jointly
Repairs,Jointly
Holidays,Jointly
Holidays,Jointly
Holidays,Jointly
Holidays,Jointly
Holidays,Jointly
Holidays,Jointly
Holidays,Jointly
Holidays,Jointly
Holidays,Jointly
Holidays,Jointly
Holidays,Jointly
Holidays,Jointly
Holidays,Jointly
Holidays,Jointly
Holidays,Jointly
Holidays,Jointly
Holidays,Jointly
Holidays,Jointly
Holidays,Jointly
Holidays,Jointly
Holidays,Jointly
Holidays,Jointly
Holidays,Jointly
Holidays,Jointly
Holidays,Jointly
Holidays,Jointly
Holidays,Jointly
Holidays,Jointly
Holidays,Jointly
Holidays,Jointly
Holidays,Jointly
Holidays,Jointly
Holidays,Jointly
Holidays,Jointly
Holidays,Jointly
Holidays,Jointly
Holidays,Jointly
Holidays,Jointly
Holidays,Jointly
Holidays,Jointly
Holidays,Jointly
Holidays,Jointly
Holidays,Jointly
Holidays,Jointly
Holidays,Jointly
Holidays,Jointly
Holidays,Jointly
Holidays,Jointly
Holidays,Jointly
Holidays,Jointly
Holidays,Jointly
Holidays,Jointly
Holidays,Jointly
Holidays,Jointly
Holidays,Jointly
Holidays,Jointly
Holidays,Jointly
Holidays,Jointly
Holidays,Jointly
Holidays,Jointly
Holidays,Jointly
Holidays,Jointly
Holidays,Jointly
Holidays,Jointly
Holidays,Jointly
Holidays,Jointly
Holidays,Jointly
Holidays,Jointly
Holidays,Jointly
Holidays,Jointly
Holidays,Jointly
Holidays,Jointly
Holidays,Jointly
Holidays,Jointly
Holidays,Jointly
Holidays,Jointly
Holidays,Jointly
Holidays,Jointly
Holidays,Jointly
Holidays,Jointly
Holidays,Jointly
Holidays,Jointly
Holidays,Jointly
Holidays,Jointly
Holidays,Jointly
Holidays,Jointly
Holidays,Jointly
Holidays,Jointly
Holidays,Jointly
Holidays,Jointly
Holidays,Jointly
Holidays,Jointly
Holidays,Jointly
Holidays,Jointly
Holidays,Jointly
Holidays,Jointly
Holidays,Jointly
Holidays,Jointly
Holidays,Jointly
Holidays,Jointly
Holidays,Jointly
Holidays,Jointly
Holidays,Jointly
Holidays,Jointly
Holidays,Jointly
Holidays,Jointly
Holidays,Jointly
Holidays,Jointly
Holidays,Jointly
Holidays,Jointly
Holidays,Jointly
Holidays,Jointly
Holidays,Jointly
Holidays,Jointly
Holidays,Jointly
Holidays,Jointly
Holidays,Jointly
Holidays,Jointly
Holidays,Jointly
Holidays,Jointly
Holidays,Jointly
Holidays,Jointly
Holidays,Jointly
Holidays,Jointly
Holidays,Jointly
Holidays,Jointly
Holidays,Jointly
Holidays,Jointly
Holidays,Jointly
Holidays,Jointly
Holidays,Jointly
Holidays,Jointly
Holidays,Jointly
Holidays,Jointly
Holidays,Jointly
Holidays,Jointly
Holidays,Jointly
Holidays,Jointly
Holidays,Jointly
Holidays,Jointly
Holidays,Jointly
Holidays,Jointly
Holidays,Jointly
Holidays,Jointly
Holidays,Jointly
Holidays,Jointly
Holidays,Jointly
Holidays,Jointly
Holidays,Jointly
Holidays,Jointly
Holidays,Jointly
Holidays,Jointly
Holidays,Jointly
